-- MySQL Script generated by MySQL Workbench
-- Thu Feb 17 14:50:14 2022
-- Model: New Model    Version: 1.0
-- MySQL Workbench Forward Engineering

SET @OLD_UNIQUE_CHECKS=@@UNIQUE_CHECKS, UNIQUE_CHECKS=0;
SET @OLD_FOREIGN_KEY_CHECKS=@@FOREIGN_KEY_CHECKS, FOREIGN_KEY_CHECKS=0;
SET @OLD_SQL_MODE=@@SQL_MODE, SQL_MODE='ONLY_FULL_GROUP_BY,STRICT_TRANS_TABLES,NO_ZERO_IN_DATE,NO_ZERO_DATE,ERROR_FOR_DIVISION_BY_ZERO,NO_ENGINE_SUBSTITUTION';

-- -----------------------------------------------------
-- Schema mydb
-- -----------------------------------------------------
DROP SCHEMA IF EXISTS `mydb` ;

-- -----------------------------------------------------
-- Schema mydb
-- -----------------------------------------------------
CREATE SCHEMA IF NOT EXISTS `mydb` DEFAULT CHARACTER SET utf8 ;
SHOW WARNINGS;
USE `mydb` ;

-- -----------------------------------------------------
-- Table `mydb`.`petstore`
-- -----------------------------------------------------
DROP TABLE IF EXISTS `mydb`.`petstore` ;

SHOW WARNINGS;
CREATE TABLE IF NOT EXISTS `mydb`.`petstore` (
  `pst_id` SMALLINT NOT NULL,
  `pst_name` VARCHAR(30) NOT NULL,
  `pst_street` VARCHAR(30) NOT NULL,
  `pst_city` VARCHAR(30) NOT NULL,
  `pst_state` CHAR(2) NOT NULL,
  `pst_zip` INT(9) NOT NULL,
  `pst_phone` BIGINT NOT NULL,
  `pst_email` VARCHAR(100) NOT NULL,
  `pst_url` VARCHAR(100) NOT NULL,
  `pst_ytd_sales` DECIMAL(10,2) NOT NULL,
  `pst_notes` VARCHAR(255) NULL,
  PRIMARY KEY (`pst_id`))
ENGINE = InnoDB;

SHOW WARNINGS;

-- -----------------------------------------------------
-- Table `mydb`.`customer`
-- -----------------------------------------------------
DROP TABLE IF EXISTS `mydb`.`customer` ;

SHOW WARNINGS;
CREATE TABLE IF NOT EXISTS `mydb`.`customer` (
  `cus_id` SMALLINT NOT NULL,
  `cus_fname` VARCHAR(15) NOT NULL,
  `cus_lname` VARCHAR(30) NOT NULL,
  `cus_street` VARCHAR(30) NOT NULL,
  `cus_city` VARCHAR(30) NOT NULL,
  `cus_state` CHAR(2) NOT NULL,
  `cus_zip` INT NOT NULL,
  `cus_phone` BIGINT NOT NULL,
  `cus_email` VARCHAR(100) NOT NULL,
  `cus_balance` DECIMAL(6,2) NOT NULL,
  `cus_total_sales` DECIMAL(6,2) NOT NULL,
  `cus_notes` VARCHAR(255) NULL,
  PRIMARY KEY (`cus_id`))
ENGINE = InnoDB;

SHOW WARNINGS;

-- -----------------------------------------------------
-- Table `mydb`.`pet`
-- -----------------------------------------------------
DROP TABLE IF EXISTS `mydb`.`pet` ;

SHOW WARNINGS;
CREATE TABLE IF NOT EXISTS `mydb`.`pet` (
  `pet_id` SMALLINT NOT NULL,
  `pst_id` SMALLINT NOT NULL,
  `cus_id` SMALLINT NOT NULL,
  `pet_type` VARCHAR(45) NOT NULL,
  `pet_sex` ENUM('m', 'f') NOT NULL,
  `pet_cost` DECIMAL(6,2) NOT NULL,
  `pet_price` DECIMAL(6,2) NOT NULL,
  `pet_age` TINYINT NOT NULL,
  `pet_color` VARCHAR(30) NOT NULL,
  `pet_sale_date` DATE NULL,
  `pet_vaccine` ENUM('y', 'n') NOT NULL,
  `pet_neuter` ENUM('y', 'n') NOT NULL,
  `pet_notes` VARCHAR(255) NULL,
  PRIMARY KEY (`pet_id`),
  INDEX `fk_pet_customer1_idx` (`cus_id` ASC) VISIBLE,
  INDEX `fk_pet_petstore1_idx` (`pst_id` ASC) VISIBLE,
  CONSTRAINT `fk_pet_customer1`
    FOREIGN KEY (`cus_id`)
    REFERENCES `mydb`.`customer` (`cus_id`)
    ON DELETE NO ACTION
    ON UPDATE NO ACTION,
  CONSTRAINT `fk_pet_petstore1`
    FOREIGN KEY (`pst_id`)
    REFERENCES `mydb`.`petstore` (`pst_id`)
    ON DELETE NO ACTION
    ON UPDATE NO ACTION)
ENGINE = InnoDB;

SHOW WARNINGS;

SET SQL_MODE=@OLD_SQL_MODE;
SET FOREIGN_KEY_CHECKS=@OLD_FOREIGN_KEY_CHECKS;
SET UNIQUE_CHECKS=@OLD_UNIQUE_CHECKS;

-- -----------------------------------------------------
-- Data for table `mydb`.`petstore`
-- -----------------------------------------------------
START TRANSACTION;
USE `mydb`;
INSERT INTO `mydb`.`petstore` (`pst_id`, `pst_name`, `pst_street`, `pst_city`, `pst_state`, `pst_zip`, `pst_phone`, `pst_email`, `pst_url`, `pst_ytd_sales`, `pst_notes`) VALUES (1, 'one', 'apple', 'charlotte', 'NC', 28227, 704-941-2344, 'one@gmail.com', 'one.wix.com', 5000, NULL);
INSERT INTO `mydb`.`petstore` (`pst_id`, `pst_name`, `pst_street`, `pst_city`, `pst_state`, `pst_zip`, `pst_phone`, `pst_email`, `pst_url`, `pst_ytd_sales`, `pst_notes`) VALUES (2, 'two', 'banana', 'tampa', 'FL', 81545, 923-235-6234, 'two@gmail.com', 'two.wix.com', 1000, 'asdf');
INSERT INTO `mydb`.`petstore` (`pst_id`, `pst_name`, `pst_street`, `pst_city`, `pst_state`, `pst_zip`, `pst_phone`, `pst_email`, `pst_url`, `pst_ytd_sales`, `pst_notes`) VALUES (3, 'three', 'pear', 'tallahassee', 'FL', 32304, 345-455-4432, 'three@gmail.com', 'three.wix.com', 2000, NULL);
INSERT INTO `mydb`.`petstore` (`pst_id`, `pst_name`, `pst_street`, `pst_city`, `pst_state`, `pst_zip`, `pst_phone`, `pst_email`, `pst_url`, `pst_ytd_sales`, `pst_notes`) VALUES (4, 'four', 'plum', 'boone', 'NC', 14304, 256-345-2345, 'four@gmail.com', 'four.wix.com', 4000, NULL);
INSERT INTO `mydb`.`petstore` (`pst_id`, `pst_name`, `pst_street`, `pst_city`, `pst_state`, `pst_zip`, `pst_phone`, `pst_email`, `pst_url`, `pst_ytd_sales`, `pst_notes`) VALUES (5, 'five', 'blueberry', 'raleigh', 'NC', 23459, 456-764-7544, 'five@gmail.com', 'five.wix.com', 5000, NULL);
INSERT INTO `mydb`.`petstore` (`pst_id`, `pst_name`, `pst_street`, `pst_city`, `pst_state`, `pst_zip`, `pst_phone`, `pst_email`, `pst_url`, `pst_ytd_sales`, `pst_notes`) VALUES (6, 'six', 'raspberry', 'durham', 'NC', 14325, 853-345-8592, 'six@gmail.com', 'six.wix.com', 8000, 'asfd');
INSERT INTO `mydb`.`petstore` (`pst_id`, `pst_name`, `pst_street`, `pst_city`, `pst_state`, `pst_zip`, `pst_phone`, `pst_email`, `pst_url`, `pst_ytd_sales`, `pst_notes`) VALUES (7, 'seven', 'orange', 'orlando', 'FL', 17453, 549-786-2543, 'seven@gmail.com', 'seven.wix.com', 9491, NULL);
INSERT INTO `mydb`.`petstore` (`pst_id`, `pst_name`, `pst_street`, `pst_city`, `pst_state`, `pst_zip`, `pst_phone`, `pst_email`, `pst_url`, `pst_ytd_sales`, `pst_notes`) VALUES (8, 'eight', 'kiwi', 'miami', 'FL', 14384, 543-731-6903, 'eight@gmail.com', 'eight.wix.com', 7000, NULL);
INSERT INTO `mydb`.`petstore` (`pst_id`, `pst_name`, `pst_street`, `pst_city`, `pst_state`, `pst_zip`, `pst_phone`, `pst_email`, `pst_url`, `pst_ytd_sales`, `pst_notes`) VALUES (9, 'nine', 'peach', 'myrtle beach', 'SC', 14235, 954-439-5681, 'nine@gmail.com', 'nine.wix.com', 10000, 'as');
INSERT INTO `mydb`.`petstore` (`pst_id`, `pst_name`, `pst_street`, `pst_city`, `pst_state`, `pst_zip`, `pst_phone`, `pst_email`, `pst_url`, `pst_ytd_sales`, `pst_notes`) VALUES (10, 'ten', 'dragonfruit', 'sunset beach', 'NC', 23455, 896-295-8615, 'ten@gmail.com', 'ten.wix.com', 90000, NULL);

COMMIT;


-- -----------------------------------------------------
-- Data for table `mydb`.`customer`
-- -----------------------------------------------------
START TRANSACTION;
USE `mydb`;
INSERT INTO `mydb`.`customer` (`cus_id`, `cus_fname`, `cus_lname`, `cus_street`, `cus_city`, `cus_state`, `cus_zip`, `cus_phone`, `cus_email`, `cus_balance`, `cus_total_sales`, `cus_notes`) VALUES (1, 'john', 'jones', 'one', 'charlotte', 'NC', 28227, 704-516-2436, 'a@gmail.com', 100.00, 142.00, 'asd');
INSERT INTO `mydb`.`customer` (`cus_id`, `cus_fname`, `cus_lname`, `cus_street`, `cus_city`, `cus_state`, `cus_zip`, `cus_phone`, `cus_email`, `cus_balance`, `cus_total_sales`, `cus_notes`) VALUES (2, 'jack', 'pence', 'two', 'tampa', 'FL', 23425, 346-794-9541, 'b@gmail.com', 400.00, 500.00, NULL);
INSERT INTO `mydb`.`customer` (`cus_id`, `cus_fname`, `cus_lname`, `cus_street`, `cus_city`, `cus_state`, `cus_zip`, `cus_phone`, `cus_email`, `cus_balance`, `cus_total_sales`, `cus_notes`) VALUES (3, 'jill', 'johnson', 'three', 'new york', 'NY', 23525, 585-349-5691, 'c@gmail.com', 432.00, 800.00, NULL);
INSERT INTO `mydb`.`customer` (`cus_id`, `cus_fname`, `cus_lname`, `cus_street`, `cus_city`, `cus_state`, `cus_zip`, `cus_phone`, `cus_email`, `cus_balance`, `cus_total_sales`, `cus_notes`) VALUES (4, 'mark', 'swann', 'four', 'tallahassee', 'FL', 32304, 034-956-9241, 'd@gmail.com', 500.00, 900.00, 'asdf');
INSERT INTO `mydb`.`customer` (`cus_id`, `cus_fname`, `cus_lname`, `cus_street`, `cus_city`, `cus_state`, `cus_zip`, `cus_phone`, `cus_email`, `cus_balance`, `cus_total_sales`, `cus_notes`) VALUES (5, 'beth', 'gunn', 'five', 'orlando', 'FL', 23456, 095-962-9863, 'e@gmail.com', 100.00, 300.00, NULL);
INSERT INTO `mydb`.`customer` (`cus_id`, `cus_fname`, `cus_lname`, `cus_street`, `cus_city`, `cus_state`, `cus_zip`, `cus_phone`, `cus_email`, `cus_balance`, `cus_total_sales`, `cus_notes`) VALUES (6, 'julie', 'loman', 'six', 'miami', 'FL', 76901, 085-984-2911, 'f@gmail.com', 670.00, 200.00, NULL);
INSERT INTO `mydb`.`customer` (`cus_id`, `cus_fname`, `cus_lname`, `cus_street`, `cus_city`, `cus_state`, `cus_zip`, `cus_phone`, `cus_email`, `cus_balance`, `cus_total_sales`, `cus_notes`) VALUES (7, 'howard', 'cecil', 'seven', 'raleigh', 'NC', 84561, 923-905-9142, 'g@gmail.com', 800.00, 580.00, 'asdf');
INSERT INTO `mydb`.`customer` (`cus_id`, `cus_fname`, `cus_lname`, `cus_street`, `cus_city`, `cus_state`, `cus_zip`, `cus_phone`, `cus_email`, `cus_balance`, `cus_total_sales`, `cus_notes`) VALUES (8, 'emily', 'murray', 'eight', 'durham', 'NC', 57094, 086-956-9281, 'h@gmail.com', 980.00, 1000.00, NULL);
INSERT INTO `mydb`.`customer` (`cus_id`, `cus_fname`, `cus_lname`, `cus_street`, `cus_city`, `cus_state`, `cus_zip`, `cus_phone`, `cus_email`, `cus_balance`, `cus_total_sales`, `cus_notes`) VALUES (9, 'jan', 'smith', 'nine', 'boone', 'NC', 17802, 123-957-6821, 'i@gmail.com', 100.00, 900.00, 'f');
INSERT INTO `mydb`.`customer` (`cus_id`, `cus_fname`, `cus_lname`, `cus_street`, `cus_city`, `cus_state`, `cus_zip`, `cus_phone`, `cus_email`, `cus_balance`, `cus_total_sales`, `cus_notes`) VALUES (10, 'mike', 'brown', 'ten', 'linville', 'NC', 35401, 034-978-9215, 'j@gmail.com', 580.00, 100.00, NULL);

COMMIT;


-- -----------------------------------------------------
-- Data for table `mydb`.`pet`
-- -----------------------------------------------------
START TRANSACTION;
USE `mydb`;
INSERT INTO `mydb`.`pet` (`pet_id`, `pst_id`, `cus_id`, `pet_type`, `pet_sex`, `pet_cost`, `pet_price`, `pet_age`, `pet_color`, `pet_sale_date`, `pet_vaccine`, `pet_neuter`, `pet_notes`) VALUES (1, 1, 1, 'snake', 'm', 100.00, 1000.00, 12, 'black', NULL, 'y', DEFAULT, NULL);
INSERT INTO `mydb`.`pet` (`pet_id`, `pst_id`, `cus_id`, `pet_type`, `pet_sex`, `pet_cost`, `pet_price`, `pet_age`, `pet_color`, `pet_sale_date`, `pet_vaccine`, `pet_neuter`, `pet_notes`) VALUES (2, 2, 2, 'dog', 'f', 200.00, 2000.00, 4, 'brown', NULL, 'n', DEFAULT, NULL);
INSERT INTO `mydb`.`pet` (`pet_id`, `pst_id`, `cus_id`, `pet_type`, `pet_sex`, `pet_cost`, `pet_price`, `pet_age`, `pet_color`, `pet_sale_date`, `pet_vaccine`, `pet_neuter`, `pet_notes`) VALUES (3, 3, 3, 'cat', 'm', 300.00, 3000.00, 5, 'blue', NULL, 'y', 'y', 'sadf');
INSERT INTO `mydb`.`pet` (`pet_id`, `pst_id`, `cus_id`, `pet_type`, `pet_sex`, `pet_cost`, `pet_price`, `pet_age`, `pet_color`, `pet_sale_date`, `pet_vaccine`, `pet_neuter`, `pet_notes`) VALUES (4, 4, 4, 'bird', 'f', 400.00, 4000.00, 7, 'red', NULL, 'n', 'y', NULL);
INSERT INTO `mydb`.`pet` (`pet_id`, `pst_id`, `cus_id`, `pet_type`, `pet_sex`, `pet_cost`, `pet_price`, `pet_age`, `pet_color`, `pet_sale_date`, `pet_vaccine`, `pet_neuter`, `pet_notes`) VALUES (5, 5, 5, 'chinchilla', 'm', 500.00, 5000.00, 8, 'orange', NULL, 'n', 'y', 'asdf');
INSERT INTO `mydb`.`pet` (`pet_id`, `pst_id`, `cus_id`, `pet_type`, `pet_sex`, `pet_cost`, `pet_price`, `pet_age`, `pet_color`, `pet_sale_date`, `pet_vaccine`, `pet_neuter`, `pet_notes`) VALUES (6, 6, 6, 'alligator', 'm', 300.00, 3000.00, 1, 'purple', NULL, 'y', 'y', NULL);
INSERT INTO `mydb`.`pet` (`pet_id`, `pst_id`, `cus_id`, `pet_type`, `pet_sex`, `pet_cost`, `pet_price`, `pet_age`, `pet_color`, `pet_sale_date`, `pet_vaccine`, `pet_neuter`, `pet_notes`) VALUES (7, 7, 7, 'giraffe', 'm', 500.00, 5000.00, 3, 'pink', NULL, 'n', 'n', 'asdf');
INSERT INTO `mydb`.`pet` (`pet_id`, `pst_id`, `cus_id`, `pet_type`, `pet_sex`, `pet_cost`, `pet_price`, `pet_age`, `pet_color`, `pet_sale_date`, `pet_vaccine`, `pet_neuter`, `pet_notes`) VALUES (8, 8, 8, 'zebra', 'f', 100.00, 1000.00, 5, 'white', NULL, 'y', 'y', 'asdf');
INSERT INTO `mydb`.`pet` (`pet_id`, `pst_id`, `cus_id`, `pet_type`, `pet_sex`, `pet_cost`, `pet_price`, `pet_age`, `pet_color`, `pet_sale_date`, `pet_vaccine`, `pet_neuter`, `pet_notes`) VALUES (9, 9, 9, 'tiger', 'f', 300.00, 3000.00, 7, 'black', NULL, 'n', 'y', NULL);
INSERT INTO `mydb`.`pet` (`pet_id`, `pst_id`, `cus_id`, `pet_type`, `pet_sex`, `pet_cost`, `pet_price`, `pet_age`, `pet_color`, `pet_sale_date`, `pet_vaccine`, `pet_neuter`, `pet_notes`) VALUES (10, 10, 10, 'monkey', 'f', 400.00, 4000.00, 8, 'brown', NULL, 'n', 'y', NULL);

COMMIT;

